{
	"1": {
		"auto": 2376000,
		"cost": 2200,
		"time": 6,
		"name": "巡山_1",
		"auto_diamond": 10,
		"id": 1,
		"earn": 132
	},
	"2": {
		"auto": 62726400.00000001,
		"cost": 48400.00000000001,
		"time": 30,
		"name": "巡山_2",
		"auto_diamond": 20,
		"id": 2,
		"earn": 14520.000000000002
	},
	"3": {
		"auto": 1655976960.0000005,
		"cost": 1064800.0000000002,
		"time": 150,
		"name": "巡山_3",
		"auto_diamond": 30,
		"id": 3,
		"earn": 1597200.0000000002
	},
	"4": {
		"auto": 43717791744.000015,
		"cost": 23425600.000000007,
		"time": 60,
		"name": "巡山_4",
		"auto_diamond": 40,
		"id": 4,
		"earn": 14055360.000000006
	},
	"5": {
		"auto": 1154149702041.6003,
		"cost": 515363200.0000002,
		"time": 600,
		"name": "巡山_5",
		"auto_diamond": 50,
		"id": 5,
		"earn": 3092179200.000001
	},
	"6": {
		"auto": 30469552133898.258,
		"cost": 11337990400.000006,
		"time": 6,
		"name": "巡山_6",
		"auto_diamond": 60,
		"id": 6,
		"earn": 680279424.0000004
	},
	"7": {
		"auto": 804396176334913.9,
		"cost": 249435788800.00015,
		"time": 30,
		"name": "巡山_7",
		"auto_diamond": 70,
		"id": 7,
		"earn": 74830736640.00005
	},
	"8": {
		"auto": 21236059055241730,
		"cost": 5487587353600.003,
		"time": 150,
		"name": "巡山_8",
		"auto_diamond": 80,
		"id": 8,
		"earn": 8231381030400.005
	},
	"9": {
		"auto": 560631959058381630,
		"cost": 120726921779200.08,
		"time": 60,
		"name": "巡山_9",
		"auto_diamond": 90,
		"id": 9,
		"earn": 72436153067520.05
	},
	"10": {
		"auto": 14800683719141278000,
		"cost": 2655992279142402,
		"time": 600,
		"name": "巡山_10",
		"auto_diamond": 100,
		"id": 10,
		"earn": 15935953674854412
	},
	"11": {
		"auto": 390738050185329700000,
		"cost": 58431830141132850,
		"time": 6,
		"name": "巡山_11",
		"auto_diamond": 110,
		"id": 11,
		"earn": 3505909808467971
	},
	"12": {
		"auto": 1.03154845248927e+22,
		"cost": 1285500263104922600,
		"time": 30,
		"name": "巡山_12",
		"auto_diamond": 120,
		"id": 12,
		"earn": 385650078931476800
	},
	"13": {
		"auto": 2.72328791457167e+23,
		"cost": 28281005788308300000,
		"time": 150,
		"name": "巡山_13",
		"auto_diamond": 130,
		"id": 13,
		"earn": 42421508682462450000
	},
	"14": {
		"auto": 7.18948009446921e+24,
		"cost": 622182127342782600000,
		"time": 60,
		"name": "巡山_14",
		"auto_diamond": 140,
		"id": 14,
		"earn": 373309276405669600000
	},
	"15": {
		"auto": 1.89802274493987e+26,
		"cost": 1.36880068015412e+22,
		"time": 600,
		"name": "巡山_15",
		"auto_diamond": 150,
		"id": 15,
		"earn": 8.21280408092473e+22
	},
	"16": {
		"auto": 5.01078004664126e+27,
		"cost": 3.01136149633906e+23,
		"time": 6,
		"name": "巡山_16",
		"auto_diamond": 160,
		"id": 16,
		"earn": 1.80681689780344e+22
	},
	"17": {
		"auto": 1.32284593231329e+29,
		"cost": 6.62499529194595e+24,
		"time": 30,
		"name": "巡山_17",
		"auto_diamond": 170,
		"id": 17,
		"earn": 1.98749858758378e+24
	},
	"18": {
		"auto": 3.49231326130709e+30,
		"cost": 1.45749896422810e+26,
		"time": 150,
		"name": "巡山_18",
		"auto_diamond": 180,
		"id": 18,
		"earn": 2.18624844634216e+26
	},
	"19": {
		"auto": 9.21970700985074e+31,
		"cost": 3.20649772130184e+27,
		"time": 60,
		"name": "巡山_19",
		"auto_diamond": 190,
		"id": 19,
		"earn": 1.92389863278110e+27
	},
	"20": {
		"auto": 2.43400265060059e+33,
		"cost": 7.05429498686405e+28,
		"time": 600,
		"name": "巡山_20",
		"auto_diamond": 200,
		"id": 20,
		"earn": 4.23257699211842e+29
	},
	"21": {
		"auto": 6.42576699758557e+34,
		"cost": 1.55194489711009e+30,
		"time": 6,
		"name": "巡山_21",
		"auto_diamond": 210,
		"id": 21,
		"earn": 9.31166938266054e+28
	},
	"22": {
		"auto": 1.69640248736259e+36,
		"cost": 3.41427877364220e+31,
		"time": 30,
		"name": "巡山_22",
		"auto_diamond": 220,
		"id": 22,
		"earn": 1.02428363209266e+31
	},
	"23": {
		"auto": 4.47850256663724e+37,
		"cost": 7.51141330201284e+32,
		"time": 150,
		"name": "巡山_23",
		"auto_diamond": 230,
		"id": 23,
		"earn": 1.12671199530192e+33
	},
	"24": {
		"auto": 1.18232467759223e+39,
		"cost": 1.65251092644282e+34,
		"time": 60,
		"name": "巡山_24",
		"auto_diamond": 240,
		"id": 24,
		"earn": 9.91506555865695e+33
	},
	"25": {
		"auto": 3.12133714884349e+40,
		"cost": 3.63552403817421e+35,
		"time": 600,
		"name": "巡山_25",
		"auto_diamond": 250,
		"id": 25,
		"earn": 2.18131442290453e+36
	},
	"26": {
		"auto": 8.24033007294681e+41,
		"cost": 7.99815288398327e+36,
		"time": 6,
		"name": "巡山_26",
		"auto_diamond": 260,
		"id": 26,
		"earn": 4.79889173038996e+35
	},
	"27": {
		"auto": 2.17544713925796e+43,
		"cost": 1.75959363447632e+38,
		"time": 30,
		"name": "巡山_27",
		"auto_diamond": 270,
		"id": 27,
		"earn": 5.27878090342896e+37
	},
	"28": {
		"auto": 5.74318044764101e+44,
		"cost": 3.87110599584790e+39,
		"time": 150,
		"name": "巡山_28",
		"auto_diamond": 280,
		"id": 28,
		"earn": 5.80665899377186e+39
	},
	"29": {
		"auto": 1.51619963817722e+46,
		"cost": 8.51643319086539e+40,
		"time": 60,
		"name": "巡山_29",
		"auto_diamond": 290,
		"id": 29,
		"earn": 5.10985991451923e+40
	},
	"30": {
		"auto": 4.00276704478788e+47,
		"cost": 1.87361530199038e+42,
		"time": 600,
		"name": "巡山_30",
		"auto_diamond": 300,
		"id": 30,
		"earn": 1.12416918119423e+43
	}
}